,FULL_CU_IN,LAT_C,LONG_C,CU_NAME,SP_QUAL,CU_TYPE,Shape_Leng,Shape_Area,species1,CK-1,49.07597717,-119.517786,Okanagan_1.x,CK,Current,2.253545942,0.132726322,Chinook2,CK-10,52.75416228,-122.7561901,Middle Fraser River_SP_1.3,CK,Current,61.48703906,6.364585398,Chinook3,CK-11,53.34174382,-123.6074699,Middle Fraser River_SU_1.3,CK,Current,46.27387457,3.030057171,Chinook4,CK-12,53.66867283,-120.9027786,Upper Fraser River_SP_1.3,CK,Current,24.15536155,3.325552502,Chinook5,CK-13,50.7847754,-120.0040059,South Thompson_SU_0.3,CK,Current,15.22878715,1.336206491,Chinook6,CK-14,50.9268677,-119.1961108,South Thompson_SU_1.3,CK,Current,10.59422351,0.497296632,Chinook7,CK-15,50.65251541,-118.8652571,Shuswap River_SU_0.3,CK,Current,7.924766772,0.122341703,Chinook8,CK-16,50.25079253,-118.9327711,South Thompson-Bessette Creek_SU_1.2,CK,Current,2.099760451,0.100278753,Chinook9,CK-17,50.41208646,-120.8867752,Lower Thompson_SP_1.2,CK,Current,14.72275281,1.566142559,Chinook10,CK-18,51.84320992,-119.5611019,North Thompson_SP_1.3,CK,Current,7.497857518,0.539073708,Chinook11,CK-19,51.43251857,-120.1549997,North Thompson_SU_1.3,CK,Current,10.69425015,0.796638987,Chinook12,CK-2,49.05136743,-122.8326615,Boundary Bay_FA_0.3,CK,VREQ[Current],1.283726265,0.050967211,Chinook13,CK-20,49.83299964,-123.5906272,Southern Mainland-Georgia Strait_FA_0.x,CK,Current,38.96704747,1.96506346,Chinook14,CK-21,48.52214391,-123.5063462,East Vancouver Island-Goldstream_FA_0.x,CK,Current,5.886632786,0.065352501,Chinook15,CK-22,48.80358962,-123.9628081,East Vancouver Island-Cowichan & Koksilah_FA_0.x,CK,Current,10.12546015,0.203175534,Chinook16,CK-23,49.09187318,-124.2284975,East Vancouver Island-Nanaimo_SP_1.x,CK,Current,1.809410236,0.080357911,Chinook17,CK-25,49.10409132,-123.9053396,East Vancouver Island-Nanaimo & Chemainus_FA_0.x,CK,Current,6.832022391,0.138926735,Chinook18,CK-27,49.63028686,-124.8500592,East Vancouver Island-Qualicum & Puntledge_FA_0.x,CK,Current,7.534171246,0.310174921,Chinook19,CK-28,50.77612664,-125.7786141,Southern Mainland-Southern Fjords_FA_0.x,CK,Current,67.34294252,1.946665123,Chinook20,CK-29,50.37681552,-126.1868278,East Vancouver Island-North_FA_0.x,CK,Current,19.6297133,1.111592429,Chinook21,CK-3,49.22891514,-121.946601,Lower Fraser River_FA_0.3,CK,Current,3.894866792,0.088713509,Chinook22,CK-31,49.02217615,-125.1410264,West Vancouver Island-South_FA_0.x,CK,Current,32.51326428,1.179237665,Chinook23,CK-32,49.9104927,-126.850068,West Vancouver Island-Nootka & Kyuquot_FA_0.x,CK,Current,27.09843391,0.6617495,Chinook24,CK-33,50.46421185,-127.7077477,West Vancouver Island-North_FA_0.x,CK,Current,14.9491035,0.391707998,Chinook25,CK-34,50.9338498,-124.8615544,Homathko_SU_x.x,CK,Current,5.841204492,0.746883162,Chinook26,CK-35,51.09645917,-125.6235813,Klinaklini_SU_1.3,CK,Current,6.732481511,0.764465137,Chinook27,CK-36,51.23292088,-127.3386768,Docee,CK,Current,0.029038793,1.57E-05,Chinook28,CK-37,51.71626722,-126.9571003,Rivers Inlet,CK,Current,16.90203251,0.965091238,Chinook29,CK-38,51.6791075,-127.2505923,Wannock,CK,Current,0.323908074,0.0045636,Chinook30,CK-39,52.30788509,-126.5242928,Bella Coola-Bentinck,CK,Current,10.02848282,1.101334341,Chinook31,CK-4,50.30420169,-122.6639259,Lower Fraser River_SP_1.3,CK,Current,4.507505285,0.259641786,Chinook32,CK-40,52.80523156,-126.9686245,Dean River,CK,Current,10.09815473,1.039606267,Chinook33,CK-41,53.05571016,-128.7072331,North & Central Coast-Late Timing,CK,Current,127.0163206,2.052903479,Chinook34,CK-42,53.44519538,-128.4789797,North & Central Coast-Early Timing,CK,Current,52.55810878,2.210903301,Chinook35,CK-43,53.80095431,-132.4392341,Haida Gwaii-North,CK,Current,13.4304159,0.493271834,Chinook36,CK-44,53.03991741,-132.0028063,Haida Gwaii-East,CK,Current,28.40447682,0.453069276,Chinook37,CK-45,54.30275842,-130.2086429,Skeena Estuary,CK,Current,26.80431547,0.230912357,Chinook38,CK-46,53.96689731,-129.6684218,Ecstall,CK,Current,2.799779392,0.203315573,Chinook39,CK-48,54.41088846,-129.0102051,Lower Skeena,CK,Current,9.321542602,0.90098368,Chinook40,CK-49,54.82886078,-128.8168523,Kalum-Early Timing,CK,Current,3.927798866,0.214324469,Chinook41,CK-5,49.56670909,-122.6329229,Lower Fraser River-Upper Pitt_SU_1.3,CK,Current,2.308730117,0.05349161,Chinook42,CK-50,54.63847737,-128.7112354,Kalum-Late Timing,CK,Current,2.375115046,0.105564529,Chinook43,CK-51,54.418924,-128.6350933,Lakelse,CK,Current,2.156829575,0.080582465,Chinook44,CK-53,55.06882605,-126.7008437,Middle Skeena-Large Lakes,CK,Current,23.42300026,2.247440231,Chinook45,CK-54,55.50158979,-127.9205534,Middle Skeena-Mainstem Tributaries,CK,Current,16.13083103,1.794395432,Chinook46,CK-55,54.4219461,-126.459488,Upper Bulkley River,CK,Current,4.487995291,0.320129309,Chinook47,CK-56,56.5408298,-127.3364125,Upper Skeena,CK,Current,11.78623073,1.270870124,Chinook48,CK-57,54.96021142,-129.8927722,Portland Sound-Observatory Inlet-Lower Nass,CK,Current,19.4688857,1.20286382,Chinook49,CK-58,55.87952623,-129.0767644,Upper Nass,CK,Current,16.39370076,2.747411947,Chinook50,CK-6,49.70080351,-122.1246241,Lower Fraser River_SU_1.3,CK,Current,11.4027987,0.741721596,Chinook51,CK-60,57.86865013,-131.3363537,Stikine-Early Timing,CK,Current,10.52436952,1.990797774,Chinook52,CK-61,56.69078163,-131.8160172,Stikine-Late Timing,CK,Current,9.903561278,1.422138386,Chinook53,CK-63,58.81223066,-132.0289215,Taku-Early Timing,CK,Current,6.300391998,0.60416345,Chinook54,CK-64,58.90428766,-133.1458912,Taku-Mid Timing,CK,Current,7.046712078,0.611355138,Chinook55,CK-65,58.53788595,-132.4690964,Taku-Late Timing,CK,Current,10.50639913,1.345114992,Chinook56,CK-67,59.90763223,-137.1115859,Alsek,CK,Current,8.371149902,1.115785273,Chinook57,CK-68,60.17238862,-132.4912284,Yukon River-Teslin Headwaters,CK,Current,25.87330139,5.761206083,Chinook58,CK-69,60.87396416,-134.8946011,Upper Yukon River,CK,Current,20.30989934,5.189662681,Chinook59,CK-7,49.23413633,-121.730548,Maria Slough_SU_0.3,CK,VREQ[Current],0.426635966,0.006567096,Chinook60,CK-71,62.10210632,-136.3016896,Nordenskiold,CK,Current,7.879017499,1.097004584,Chinook61,CK-72,62.64835354,-133.5919603,Pelly,CK,Current,28.95679985,8.757317725,Chinook62,CK-73,62.07324703,-135.6384082,Middle Yukon River and Tributaries,CK,Current,20.68850131,3.224926107,Chinook63,CK-74,63.41896572,-134.9717411,Stewart,CK,Current,30.85114353,9.258825624,Chinook64,CK-75,62.1756034,-139.5155697,White and Tributaries,CK,Current,19.03640344,6.640858723,Chinook65,CK-76,64.40251226,-140.2267253,Northern Yukon River and Tributaries,CK,Current,16.73667082,5.543120555,Chinook66,CK-78,66.50609861,-138.4168674,Porcupine,CK,Current,20.82808585,9.25264723,Chinook67,CK-8,49.90947298,-121.4726781,Middle Fraser-Fraser Canyon_SP_1.3,CK,Current,3.98794672,0.21473255,Chinook68,CK-80,54.46202571,-128.0754165,Zymoetz,CK,Current,6.230194922,0.419827415,Chinook69,CK-81,56.04196906,-127.9587637,Sicintine,CK,Current,2.297791983,0.117304473,Chinook70,CK-82,51.40895048,-119.4585855,Upper Adams River_SU_x.x,CK,Current,4.032687508,0.197795655,Chinook71,CK-83,49.41714681,-124.4453821,East Vancouver Island-Georgia Strait_SU_0.3,CK,Current,3.500146042,0.140401632,Chinook72,CK-9,50.70835135,-122.2693889,Middle Fraser River-Portage_FA_1.3,CK,Current,2.42586803,0.122581111,Chinook73,CK-9005,48.65576181,-123.5595498,South-Miscellaneous<<Bin>>,CK,Bin,0.749531653,0.01344399,Chinook74,CK-9008,49.12641335,-122.0983535,Fraser-Harrison Fall Transplant_FA_0.3<<Bin>>,CK,Bin,2.568339833,0.10143151,Chinook75,CK-62,NA,NA,Whiting,CK,Current,2.78874937,0.26017264,Chinook76,CK-59,NA,NA,Unuk,CK,Current,3.211702761,0.230713382,Chinook77,CK-70,NA,NA,Big Salmon,CK,Current,6.408756834,1.152534164,Chinook78,CK-79,NA,NA,Old Crow,CK,Current,9.829240364,2.623865892,Chinook79,CK-77,NA,NA,Salmon Fork,CK,Current,6.033650573,0.790056716,Chinook80,CK-66,NA,NA,Lynn Canal,CK,Current,4.081117327,0.266130497,Chinook81,CM-10,49.420677,-126.0103906,Southwest Vancouver Island,CM,Current,55.39202803,1.768020995,Chum82,CM-11,50.4997961,-127.7872309,Northwest Vancouver Island,CM,Current,15.00491616,0.364828804,Chum83,CM-12,51.38871613,-127.3285144,Smith Inlet,CM,Current,12.109081,0.277583206,Chum84,CM-13,51.74227876,-127.1139315,Rivers Inlet,CM,Current,8.390154503,0.709418659,Chum85,CM-14,51.6791075,-127.2505923,Wannock,CM,Current,0.323908074,0.0045636,Chum86,CM-15,52.20232062,-127.9005206,Spiller-Fitz Hugh-Burke,CM,Current,47.62590825,0.76909868,Chum87,CM-16,52.42105508,-126.8081583,Bella Coola-Dean Rivers,CM,Current,17.78929617,2.442219376,Chum88,CM-17,52.38243638,-126.6632777,Bella Coola River-Late,CM,Current,2.527133598,0.034436668,Chum89,CM-18,53.01044976,-129.1772996,Hecate Lowlands,CM,Current,85.62536875,1.058130618,Chum90,CM-19,52.84271812,-128.166321,Mussel-Kynoch,CM,Current,6.201652962,0.191969594,Chum91,CM-2,49.23214128,-122.1215512,Lower Fraser,CM,Current,13.99881668,1.791203563,Chum92,CM-20,53.6888683,-128.685692,Douglas-Gardner,CM,Current,23.74448106,1.857689665,Chum93,CM-21,52.62198378,-131.5688378,East HG,CM,Current,25.45107024,0.402046042,Chum94,CM-22,53.17777266,-132.2519242,Skidegate,CM,Current,5.884798848,0.063841833,Chum95,CM-23,53.04451726,-132.2414084,West Haida Gwaii,CM,Current,30.84908443,0.398070149,Chum96,CM-24,53.79082961,-132.4152457,North Haida Gwaii,CM,Current,13.74218404,0.490345786,Chum97,CM-25,53.97461169,-132.6914208,North Haida Gwaii-Stanley Creek,CM,Current,0.341505678,0.002926049,Chum98,CM-26,54.17752397,-130.3912825,Skeena Estuary,CM,Current,33.71998581,0.279772204,Chum99,CM-27,54.37369885,-129.023456,Lower Skeena,CM,Current,12.65796215,1.941661316,Chum100,CM-28,55.36434239,-127.7516087,Middle Skeena,CM,Current,24.34428756,3.894861981,Chum101,CM-3,49.62607071,-123.2213908,Howe Sound-Burrard Inlet,CM,Current,13.42049247,0.7094685,Chum102,CM-30,54.66621953,-130.1808615,Portland Inlet,CM,Current,11.28739548,0.333515422,Chum103,CM-31,55.12389523,-129.3928742,Lower Nass,CM,Current,5.382951083,0.469194609,Chum104,CM-32,55.46086847,-129.8201563,Portland Canal-Observatory,CM,Current,10.32441972,0.616016806,Chum105,CM-38,61.57244416,-134.900263,Teslin,CM,Current,27.63751138,8.624696779,Chum106,CM-4,49.49708305,-124.2722722,Georgia Strait,CM,Current,65.39111843,2.530037649,Chum107,CM-42,63.17821434,-139.5738129,Middle Yukon River,CM,Current,26.09149797,5.474464854,Chum108,CM-43,64.40251226,-140.2267253,North Yukon River,CM,Current,16.73666684,5.543139246,Chum109,CM-44,62.6033638,-139.9886763,White River,CM,Current,19.72220536,4.509536661,Chum110,CM-45,61.95517056,-140.0812803,Donjek-Kluane,CM,Current,9.618497699,2.131341641,Chum111,CM-46,66.4785404,-138.5023914,Porcupine River,CM,Current,18.74299728,10.04270395,Chum112,CM-5,50.57786581,-126.8725271,Northeast Vancouver Island,CM,Current,15.89385688,0.86127872,Chum113,CM-6,50.47997181,-125.6596625,Loughborough,CM,Current,21.90518468,0.495603026,Chum114,CM-7,50.82383295,-124.8348532,Bute Inlet,CM,Current,10.55689908,1.132327814,Chum115,CM-8,50.94861084,-126.725836,Southern Coastal Streams,CM,Current,40.10676167,0.860084803,Chum116,CM-9,50.95993661,-125.6281145,Upper Knight,CM,Current,10.49153241,0.99145261,Chum117,CM-40,NA,NA,Peel River,CM,Current,6.560031888,0.403296398,Chum118,CM-39,NA,NA,Lower Liard,CM,VREQ[Current],17.99624202,0.220379793,Chum119,CM-34,NA,NA,Lower Stikine,CM,Current,15.43699311,3.412755466,Chum120,CM-33,NA,NA,Unuk,CM,Current,3.837345305,0.259843721,Chum121,CM-35,NA,NA,Whiting,CM,Current,2.897387287,0.267128092,Chum122,CM-48,NA,NA,Stewart<<vreq[current]>>,CM,VREQ[Current],30.85114353,9.258825624,Chum123,CM-37,NA,NA,Lynn Canal,CM,Current,3.891652581,0.25066092,Chum124,CM-36,NA,NA,Taku,CM,Current,12.50162684,2.591111961,Chum125,CO-1,49.06364732,-122.785453,Boundary Bay,CO,VREQ[Current],2.9146384,0.074338741,Coho126,CO-10,49.6258992,-123.2347005,Howe Sound-Burrard Inlet,CO,Current,13.69186326,0.732399911,Coho127,CO-11,49.94619401,-124.3163334,Georgia Strait Mainland,CO,Current,31.78081356,1.232663549,Coho128,CO-12,50.80105129,-126.3161464,Southern Coastal Streams-Queen Charlotte Strait-Johnstone Strait-Southern Fjords,CO,Current,74.20505543,1.987373466,Coho129,CO-13,49.21894098,-124.3401577,East Vancouver Island-Georgia Strait,CO,Current,30.62890147,1.234169977,Coho130,CO-14,50.4720015,-126.5062243,East Vancouver Island-Johnstone Strait-Southern Fjords,CO,Current,7.057039598,0.680529815,Coho131,CO-15,50.54417561,-127.7673333,Nahwitti Lowland,CO,Current,15.69498387,0.517453799,Coho132,CO-16,48.72276135,-124.6692876,Juan De Fuca-Pachena,CO,Current,5.977684372,0.388291188,Coho133,CO-17,49.58052426,-126.2213647,West Vancouver Island,CO,Current,40.02691574,1.033255619,Coho134,CO-18,49.28100767,-125.8892474,Clayoquot,CO,Current,15.32891112,0.321353228,Coho135,CO-19,51.01515449,-125.2425679,Homathko-Klinaklini Rivers,CO,Current,9.776246807,1.511348299,Coho136,CO-20,51.33809415,-127.3643015,Smith Inlet,CO,Current,11.16557604,0.216486662,Coho137,CO-21,51.69664983,-127.1033362,Rivers Inlet,CO,Current,12.09567341,0.778742889,Coho138,CO-22,52.3570493,-126.5859142,Bella Coola-Dean Rivers,CO,Current,13.49992576,2.140940607,Coho139,CO-23,52.76569767,-131.7151009,HG-East,CO,Current,25.27630734,0.307662691,Coho140,CO-24,53.08282406,-132.29063,HG-West,CO,Current,31.36019322,0.410888748,Coho141,CO-25,53.6221913,-132.2013231,HG-Graham Island Lowlands,CO,Current,13.41041776,0.638678217,Coho142,CO-26,52.82990461,-128.1395996,Mussel-Kynoch,CO,Current,5.76753688,0.18708842,Coho143,CO-27,52.87795758,-129.0197393,Hecate Strait Mainland,CO,Current,131.1267328,1.564808742,Coho144,CO-29,54.07152028,-128.687929,Douglas Channel-Kitimat Arm,CO,Current,6.536905245,0.464429411,Coho145,CO-30,53.13054581,-128.4150711,Northern Coastal Streams,CO,Current,29.51885253,2.019732605,Coho146,CO-31,54.25188094,-130.3942232,Skeena Estuary,CO,Current,26.32624294,0.213650165,Coho147,CO-32,54.45879722,-128.8317903,Lower Skeena,CO,Current,12.65796215,1.941661316,Coho148,CO-33,55.13666736,-127.3206725,Middle Skeena,CO,Current,24.34276811,3.8948628,Coho149,CO-34,56.50083076,-127.5240118,Upper Skeena,CO,Current,15.81301369,1.838213583,Coho150,CO-35,55.11840388,-129.4026234,Lower Nass,CO,Current,5.551336523,0.481713997,Coho151,CO-36,56.0029051,-129.0403931,Upper Nass,CO,Current,16.26813072,2.585600177,Coho152,CO-37,55.00761901,-130.0266282,Portland Sound-Observatory Inlet-Portland Canal,CO,Current,21.78020064,0.937012839,Coho153,CO-39,56.87064845,-131.5568234,Lower Stikine,CO,Current,15.43699311,3.412755466,Coho154,CO-4,50.28657927,-122.7220427,Lillooet,CO,Current,7.914284849,0.774098918,Coho155,CO-41,58.56139177,-132.531971,Taku-Late Timing,CO,Current,4.56844307,0.338297134,Coho156,CO-45,60.11586335,-137.0362158,Alsek River,CO,Current,8.388762569,1.116016173,Coho157,CO-47,49.20514706,-122.087126,Lower Fraser,CO,Current,9.350222114,1.017027553,Coho158,CO-48,51.90301992,-122.1098932,Interior Fraser,CO,Current,59.29104325,20.95317541,Coho159,CO-5,49.46998904,-121.5024216,Fraser Canyon,CO,Current,7.156079188,0.642484841,Coho160,CO-7,50.37060311,-120.9019416,Lower Thompson,CO,Current,13.40657714,2.248133464,Coho161,CO-8,50.83976337,-119.0411603,South Thompson,CO,Current,14.48464897,2.23187339,Coho162,CO-9,51.69531558,-119.6962551,North Thompson,CO,Current,16.18298563,2.700274651,Coho163,CO-43,NA,NA,Taku-Early Timing,CO,Current,6.299851645,0.604170505,Coho164,CO-42,NA,NA,Taku-Mid Timing,CO,Current,12.55783975,1.346109905,Coho165,CO-38,NA,NA,Unuk River,CO,Current,3.837345305,0.259843721,Coho166,CO-40,NA,NA,Whiting River,CO,Current,2.897387287,0.267128092,Coho167,CO-46,NA,NA,Porcupine,CO,Current,20.14086511,12.66656984,Coho168,CO-44,NA,NA,Lynn Canal,CO,Current,4.081117319,0.266130497,Coho169,PKE-1,49.72123541,-124.4252946,Georgia Strait,PKE,Current,68.94073795,3.171782439,Even_Year_Pink170,PKE-10,52.81136784,-131.7508424,East Haida Gwaii,PKE,Current,28.40447682,0.453069276,Even_Year_Pink171,PKE-11,53.10466868,-132.3165413,West Haida Gwaii,PKE,Current,31.36019322,0.410888748,Even_Year_Pink172,PKE-12,55.63930461,-128.9219032,Upper Nass,PKE,Current,16.26813072,2.585600177,Even_Year_Pink173,PKE-13,58.90428766,-133.1458912,Transboundary Fjords,PKE,Current,26.74608114,6.78150016,Even_Year_Pink174,PKE-2,49.6405906,-126.3728481,West Vancouver Island,PKE,Current,55.00363451,1.742900035,Even_Year_Pink175,PKE-3,50.49905018,-127.7957455,Northwest Vancouver Island,PKE,Current,15.00491616,0.364828804,Even_Year_Pink176,PKE-4,50.70413652,-126.2269478,Southern Fjords,PKE,Current,88.20912784,4.359328071,Even_Year_Pink177,PKE-5,52.74665447,-128.8628515,Hecate Lowlands,PKE,Current,133.9553861,1.560113521,Even_Year_Pink178,PKE-6,52.82348791,-127.9363514,Hecate Strait-Fjords,PKE,Current,51.65772202,5.745996614,Even_Year_Pink179,PKE-7,54.60461433,-129.6609133,Nass-Skeena Estuary,PKE,Current,60.5896814,3.640160357,Even_Year_Pink180,PKE-8,55.22014172,-127.3301749,Middle-Upper Skeena,PKE,Current,32.13100662,5.730043797,Even_Year_Pink181,PKE-9,53.80301996,-132.4354323,North Haida Gwaii,PKE,Current,13.4304159,0.493271834,Even_Year_Pink182,PKE-9005,50.55208399,-122.4724809,Fraser River<<bin>>,PKE,Bin,1.119144852,0.04057881,Even_Year_Pink183,PKO-1,49.91356528,-121.6502977,Fraser River,PKO,Current,64.90629924,26.87651624,Odd_Year_Pink184,PKO-10,53.84142602,-132.4458586,North Haida Gwaii,PKO,Current,13.4304159,0.493271834,Odd_Year_Pink185,PKO-11,53.18549756,-132.4171335,West Haida Gwaii,PKO,Current,31.36019322,0.410888748,Odd_Year_Pink186,PKO-12,52.73437443,-128.8507061,Hecate Strait-Lowlands,PKO,Current,133.9553861,1.560113521,Odd_Year_Pink187,PKO-13,53.18837124,-128.3552846,Hecate Strait-Fjords,PKO,Current,35.44890422,2.738732261,Odd_Year_Pink188,PKO-14,54.13982027,-130.3890009,Nass-Skeena Estuary,PKO,Current,33.71998581,0.279772204,Odd_Year_Pink189,PKO-15,54.38273796,-128.9864856,Lower Skeena,PKO,Current,12.65796214,1.941661316,Odd_Year_Pink190,PKO-16,55.17181445,-127.1851106,Middle & Upper Skeena,PKO,Current,32.13100662,5.730043797,Odd_Year_Pink191,PKO-17,55.05432378,-129.7903265,Nass-Portland-Observatory,PKO,Current,23.42979849,1.418726837,Odd_Year_Pink192,PKO-18,55.6111422,-128.9326984,Upper Nass,PKO,Current,16.26813072,2.585600177,Odd_Year_Pink193,PKO-19,58.90428766,-133.1458912,Transboundary Fjords,PKO,Current,26.74608115,6.78150016,Odd_Year_Pink194,PKO-2,49.55778214,-123.0867751,East Howe Sound-Burrard Inlet,PKO,Current,8.208116528,0.341560974,Odd_Year_Pink195,PKO-3,49.76436123,-124.301851,Georgia Strait,PKO,Current,62.92597054,2.830221464,Odd_Year_Pink196,PKO-4,50.45881639,-126.3807014,East Vancouver Island-Johnstone Strait,PKO,Current,6.93315891,0.679601682,Odd_Year_Pink197,PKO-5,50.57733663,-127.7238493,Nahwitti,PKO,Current,19.51728117,0.543671411,Odd_Year_Pink198,PKO-6,49.55964663,-126.2053424,West Vancouver Island,PKO,Current,55.00363451,1.742900035,Odd_Year_Pink199,PKO-7,50.64036904,-125.7919737,Southern Fjords,PKO,Current,42.86064494,1.294285404,Odd_Year_Pink200,PKO-8,51.70602033,-126.8006442,Homathko-Klinaklini-Smith-Rivers-Bella Coola-Dean,PKO,Current,50.17669502,5.213862627,Odd_Year_Pink201,PKO-9,52.89282366,-131.8244683,East Haida Gwaii,PKO,Current,28.40447682,0.453069276,Odd_Year_Pink202,SEL-01-01,49.07597717,-119.517786,Osoyoos,SEL,Current,1.642934839,0.023303297,Lake_Type_Sockeye203,SEL-03-01,49.0425482,-121.4222044,Chilliwack-Early Summer Timing,SEL,Current,0.705061085,0.007099785,Lake_Type_Sockeye204,SEL-03-02,49.07507039,-121.9817234,Cultus-Late Timing,SEL,Current,0.538957155,0.010076482,Lake_Type_Sockeye205,SEL-03-03,49.599639,-121.9697063,Harrison-Downstream Migrating-Late Timing,SEL,Current,3.484298752,0.080070232,Lake_Type_Sockeye206,SEL-03-04,49.29527073,-121.9983423,Harrison-Upstream Migrating-Late Timing,SEL,Current,0.429941628,0.005588049,Lake_Type_Sockeye207,SEL-03-05,49.56590374,-122.6280173,Pitt-Early Summer Timing,SEL,Current,2.743660115,0.045081888,Lake_Type_Sockeye208,SEL-04-01,50.4088561,-122.8240776,Lillooet/Harrison-Late Timing,SEL,Current,5.049050582,0.0727264,Lake_Type_Sockeye209,SEL-05-02,49.99077739,-121.6157857,Nahatlatch-Early Summer Timing,SEL,Current,1.603716472,0.028878019,Lake_Type_Sockeye210,SEL-06-01,50.5640753,-122.4586797,Anderson/Seton-Early Summer Timing,SEL,Current,2.854661553,0.03177623,Lake_Type_Sockeye211,SEL-06-02,51.10225386,-124.0318793,Chilko-Early Summer Timing,SEL,Current,1.283581126,0.01753577,Lake_Type_Sockeye212,SEL-06-03,51.77214797,-123.9201774,Chilko-Summer Timing,SEL,Current,3.367585658,0.076961419,Lake_Type_Sockeye213,SEL-06-07,54.00485351,-125.0827251,Francois/Fraser-Summer Timing,SEL,Current,6.374459689,0.107486909,Lake_Type_Sockeye214,SEL-06-10,52.60122406,-120.902313,Quesnel-Summer Timing,SEL,Current,10.27011903,0.188446451,Lake_Type_Sockeye215,SEL-06-11,50.70835135,-122.2693889,Seton-Late Timing,SEL,Bin,1.330704034,0.012526629,Lake_Type_Sockeye216,SEL-06-13,54.74686859,-124.9267355,Takla/Trembleur/Stuart-Summer Timing,SEL,Current,16.6911932,0.455463213,Lake_Type_Sockeye217,SEL-06-14,55.28729803,-125.8257613,Takla/Trembleur-Early Stuart Timing,SEL,Current,12.63463056,0.310182634,Lake_Type_Sockeye218,SEL-06-16,51.47475507,-123.6610486,Taseko-Early Summer Timing,SEL,Current,3.832776739,0.05770887,Lake_Type_Sockeye219,SEL-06-20,53.95283363,-126.6548928,Nadina/Francois-Early Summer Timing,SEL,VREQ[Bin],7.387299527,0.103484849,Lake_Type_Sockeye220,SEL-07-01,53.42021092,-121.4392945,Bowron-Early Summer Timing,SEL,Current,1.197500361,0.016674315,Lake_Type_Sockeye221,SEL-09-02,50.99932505,-119.1004285,Shuswap Complex-Early Summer Timing,SEL,Current,17.29401601,0.420363517,Lake_Type_Sockeye222,SEL-09-03,50.90416104,-119.2087852,Shuswap Complex-Late Timing,SEL,Current,17.29401601,0.420363517,Lake_Type_Sockeye223,SEL-09-xx,51.37346985,-119.3984807,(p)Adams and Momich Lakes-Early Summer Timing,SEL,Bin,4.299275473,0.107285779,Lake_Type_Sockeye224,SEL-10-01,51.55605622,-119.964697,Kamloops-Early Summer Timing,SEL,Current,12.2522656,0.166982394,Lake_Type_Sockeye225,SEL-10-03,51.3365682,-119.8000361,North Barriere-Early Summer Timing,SEL,Bin,1.738777278,0.024060173,Lake_Type_Sockeye226,SEL-11-01,50.56122211,-125.9381469,Fulmore,SEL,Current,0.844399455,0.012706589,Lake_Type_Sockeye227,SEL-11-02,50.57709558,-125.5753906,Heydon,SEL,Current,0.519089684,0.008217503,Lake_Type_Sockeye228,SEL-11-03,50.80668948,-126.024264,Kakweiken,SEL,Current,0.677214895,0.006585014,Lake_Type_Sockeye229,SEL-11-04,50.76690413,-126.4594872,Loose,SEL,Current,0.422793124,0.002783979,Lake_Type_Sockeye230,SEL-11-05,50.93399663,-126.6354684,Mackenzie,SEL,Current,0.450848595,0.005739293,Lake_Type_Sockeye231,SEL-11-06,50.5684244,-125.365434,Phillips,SEL,Current,1.315708917,0.013978343,Lake_Type_Sockeye232,SEL-11-07,49.65184814,-124.0683068,Sakinaw,SEL,Current,0.536115615,0.008611127,Lake_Type_Sockeye233,SEL-11-09,49.78782449,-123.7235744,Tzoonie,SEL,Current,0.334568185,0.003255631,Lake_Type_Sockeye234,SEL-11-10,50.16525129,-125.1877836,Village Bay,SEL,VREQ[Extirpated],0.592348944,0.009005647,Lake_Type_Sockeye235,SEL-12-01,50.53153385,-126.8716271,Ida/Bonanza,SEL,Current,0.623354355,0.013168949,Lake_Type_Sockeye236,SEL-12-02,50.85870705,-128.008083,Nahwitti,SEL,Current,1.272187973,0.008803485,Lake_Type_Sockeye237,SEL-12-03,50.56666735,-126.9820221,Nimpkish,SEL,Current,2.191857372,0.033644948,Lake_Type_Sockeye238,SEL-12-05,50.6999019,-127.4801357,Quatse,SEL,Current,0.72990783,0.009120747,Lake_Type_Sockeye239,SEL-12-07,50.84665257,-127.8682801,Shushartie,SEL,Current,0.824406841,0.009548407,Lake_Type_Sockeye240,SEL-13-01,50.53374517,-127.5095505,Alice,SEL,Current,1.131259868,0.010202252,Lake_Type_Sockeye241,SEL-13-02,50.23086004,-127.7595199,Canoe Creek,SEL,Current,0.333437803,0.001760911,Lake_Type_Sockeye242,SEL-13-03,49.42807324,-126.2158204,Cecilia,SEL,Current,0.307375981,0.002223689,Lake_Type_Sockeye243,SEL-13-04,48.66296674,-124.8106922,Cheewat,SEL,Current,0.291976798,0.003355096,Lake_Type_Sockeye244,SEL-13-05,49.19231967,-125.525133,Clayoquot,SEL,Current,0.527537066,0.009572357,Lake_Type_Sockeye245,SEL-13-06,49.75542063,-126.5099253,Deserted,SEL,Current,0.25722077,0.00243604,Lake_Type_Sockeye246,SEL-13-07,48.5760241,-124.332958,Fairy,SEL,Current,0.644215549,0.004247241,Lake_Type_Sockeye247,SEL-13-09,49.0283341,-125.0511539,Henderson,SEL,Current,0.824206437,0.017468445,Lake_Type_Sockeye248,SEL-13-10,49.47403674,-126.402492,Hesquiat,SEL,Current,0.500952597,0.007714601,Lake_Type_Sockeye249,SEL-13-11,48.77494949,-124.737037,Hobiton,SEL,Current,0.50632254,0.005144843,Lake_Type_Sockeye250,SEL-13-12,50.11891865,-127.2944509,Jansen,SEL,Current,0.106457632,0.000381489,Lake_Type_Sockeye251,SEL-13-13,49.39984683,-126.3495607,Kanim,SEL,Current,0.198128082,0.001474363,Lake_Type_Sockeye252,SEL-13-14,49.14139801,-125.521806,Kennedy,SEL,Current,1.234210763,0.032411077,Lake_Type_Sockeye253,SEL-13-15,48.98495147,-125.3934898,Maggie,SEL,Current,0.323487339,0.003839357,Lake_Type_Sockeye254,SEL-13-16,49.43683073,-126.0849837,Megin,SEL,Current,0.677343503,0.007873758,Lake_Type_Sockeye255,SEL-13-17,49.80151441,-126.1277736,Muchalat,SEL,Current,1.707003352,0.017038653,Lake_Type_Sockeye256,SEL-13-18,49.12644536,-125.6288205,Muriel,SEL,Current,0.205056134,0.001847037,Lake_Type_Sockeye257,SEL-13-19,48.73411099,-124.767349,Nitinat,SEL,Current,1.027214619,0.012885472,Lake_Type_Sockeye258,SEL-13-20,50.45792818,-127.8652593,O'connell,SEL,Current,0.886235451,0.015370448,Lake_Type_Sockeye259,SEL-13-22,49.8863339,-126.9887789,Park River,SEL,Current,0.217358555,0.002021167,Lake_Type_Sockeye260,SEL-13-23,50.17997736,-127.4797426,Power,SEL,Current,0.45229128,0.006867553,Lake_Type_Sockeye261,SEL-13-25,49.28801087,-124.9153347,Sproat,SEL,Current,1.416204608,0.028519354,Lake_Type_Sockeye262,SEL-13-26,50.76837796,-128.348283,William/Brink,SEL,Current,0.71870627,0.0100962,Lake_Type_Sockeye263,SEL-15-01,51.26033418,-127.1338996,Long,SEL,Current,1.267476548,0.018238965,Lake_Type_Sockeye264,SEL-15-02,51.73533493,-126.7923704,Owikeno,SEL,Current,5.357416246,0.105456815,Lake_Type_Sockeye265,SEL-15-03,51.68140177,-126.8567153,Owikeno-Late Timing,SEL,VREQ[Bin],0.299691878,0.002524262,Lake_Type_Sockeye266,SEL-15-04,51.6791075,-127.2505923,Wannock[Owikeno],SEL,Current,0.318011784,0.00446798,Lake_Type_Sockeye267,SEL-17-01,53.73262858,-132.4234356,Ain/Skundale/Ian,SEL,Current,1.2601687,0.026800172,Lake_Type_Sockeye268,SEL-17-02,53.65318332,-132.5213481,Awun,SEL,Current,0.629304456,0.009790358,Lake_Type_Sockeye269,SEL-17-03,52.71762168,-131.9815563,Fairfax,SEL,Current,0.169750718,0.001174962,Lake_Type_Sockeye270,SEL-17-04,54.12777258,-132.8026367,Jalun,SEL,Current,1.076687689,0.016284856,Lake_Type_Sockeye271,SEL-17-06,53.01751463,-131.7764512,Mathers,SEL,Current,0.552112378,0.010935251,Lake_Type_Sockeye272,SEL-17-07,53.58313923,-132.9016718,Mercer,SEL,Current,0.495327166,0.00541935,Lake_Type_Sockeye273,SEL-17-08,53.16135122,-131.8003491,Skidegate,SEL,Current,1.018585047,0.01973598,Lake_Type_Sockeye274,SEL-17-09,53.65705152,-132.2059688,Yakoun,SEL,Current,1.063432258,0.011018153,Lake_Type_Sockeye275,SEL-18-02,53.07332555,-128.5682631,Canoona,SEL,Current,0.514261077,0.007275843,Lake_Type_Sockeye276,SEL-18-04,53.58428483,-128.9555479,Evelyn,SEL,Current,0.191851273,0.001548236,Lake_Type_Sockeye277,SEL-18-05,52.7564471,-127.8771912,Kainet Creek,SEL,Current,0.361130135,0.005143305,Lake_Type_Sockeye278,SEL-18-06,52.88314463,-127.0774113,Kimsquit,SEL,Current,0.274994174,0.003495835,Lake_Type_Sockeye279,SEL-18-07,53.63855286,-129.2723196,Kitkiata,SEL,Current,0.516977841,0.010271336,Lake_Type_Sockeye280,SEL-18-08,53.23865871,-127.8716627,Kitlope,SEL,Current,1.739943865,0.020839341,Lake_Type_Sockeye281,SEL-18-09,52.65286361,-128.0513318,Pine River,SEL,Current,0.262226862,0.001770293,Lake_Type_Sockeye282,SEL-19-01,53.37688132,-130.1989687,Banks,SEL,Current,0.833382998,0.01014087,Lake_Type_Sockeye283,SEL-19-02,52.85706361,-128.6822633,Bloomfield,SEL,Current,0.418328089,0.005545596,Lake_Type_Sockeye284,SEL-19-03,53.40866971,-129.939662,Bolton Creek,SEL,Current,0.41824346,0.001805368,Lake_Type_Sockeye285,SEL-19-04,53.51032687,-130.298825,Bonilla,SEL,Current,0.39669595,0.003963811,Lake_Type_Sockeye286,SEL-19-09,53.34316183,-129.5499999,Tuwartz,SEL,Current,0.372200615,0.004410764,Lake_Type_Sockeye287,SEL-19-10,52.04410004,-128.0685235,Fannie Cove,SEL,Current,0.26869693,0.002440438,Lake_Type_Sockeye288,SEL-19-11,53.50114363,-129.8630349,Curtis Inlet,SEL,Current,0.342527491,0.002539959,Lake_Type_Sockeye289,SEL-19-14,53.45312215,-129.7726547,Devon,SEL,Current,0.26301411,0.002348087,Lake_Type_Sockeye290,SEL-19-17,51.53727879,-127.7475024,Elsie/Hoy,SEL,Current,0.256910235,0.001647462,Lake_Type_Sockeye291,SEL-19-18,53.59855521,-130.3604206,End Hill Creek,SEL,Current,0.428173835,0.003469505,Lake_Type_Sockeye292,SEL-19-20,53.66919894,-129.7127569,Freeda/Brodie,SEL,Current,0.322535886,0.00333776,Lake_Type_Sockeye293,SEL-19-23,52.50740738,-128.6815323,Higgins Lagoon,SEL,Current,0.262908222,0.001073928,Lake_Type_Sockeye294,SEL-19-25,52.53099367,-129.0478249,Kdelmashan Creek,SEL,Current,0.528551542,0.00438338,Lake_Type_Sockeye295,SEL-19-26,53.30959032,-129.8294049,Keecha,SEL,Current,0.62109005,0.008076306,Lake_Type_Sockeye296,SEL-19-27,52.74149325,-128.9795617,Kent Inlet Lagoon Creek,SEL,Current,0.348222492,0.002592885,Lake_Type_Sockeye297,SEL-19-31,51.94563092,-128.0202237,Kildidt Lagoon Creek,SEL,Current,0.122411191,0.000533492,Lake_Type_Sockeye298,SEL-19-32,51.96670781,-127.878263,Kisameet,SEL,Current,0.491007982,0.004851085,Lake_Type_Sockeye299,SEL-19-33,51.77628466,-127.8761773,Koeye,SEL,Current,1.269430396,0.01601018,Lake_Type_Sockeye300,SEL-19-34,53.34185008,-129.8835326,Kooryet,SEL,Current,0.549042882,0.006237755,Lake_Type_Sockeye301,SEL-19-36,52.55726067,-128.6516429,Kwakwa Creek,SEL,Current,0.59458009,0.003703116,Lake_Type_Sockeye302,SEL-19-38,52.69269128,-129.0614199,Limestone Creek,SEL,Current,0.413704548,0.003278598,Lake_Type_Sockeye303,SEL-19-40,52.6175871,-128.4349191,Mary Cove Creek,SEL,Current,0.199673351,0.00176603,Lake_Type_Sockeye304,SEL-19-43,53.43160234,-129.826526,Mikado,SEL,Current,0.427824797,0.0032503,Lake_Type_Sockeye305,SEL-19-45,51.85632303,-127.8656458,Namu,SEL,Current,0.596920185,0.009017171,Lake_Type_Sockeye306,SEL-19-46,52.12406444,-127.8392708,Port John,SEL,Current,0.224959651,0.001987089,Lake_Type_Sockeye307,SEL-19-47,52.70288154,-128.7424621,Powles Creek,SEL,Current,0.355955159,0.004345904,Lake_Type_Sockeye308,SEL-19-49,54.24348663,-130.1523592,Prudhomme,SEL,Current,0.773571191,0.014777854,Lake_Type_Sockeye309,SEL-19-51,53.6182777,-130.1287694,Ryan Creek,SEL,Current,0.439707654,0.003391876,Lake_Type_Sockeye310,SEL-19-52,53.5677494,-129.6566889,Salter,SEL,Current,0.495418888,0.006230638,Lake_Type_Sockeye311,SEL-19-53,53.81321606,-130.1717687,Scoular/Kilpatrick,SEL,Current,0.42765896,0.006317333,Lake_Type_Sockeye312,SEL-19-54,54.32418707,-130.2553853,Shawatlan,SEL,Current,0.440989338,0.006541693,Lake_Type_Sockeye313,SEL-19-57,53.51682557,-130.1232069,Spencer Creek,SEL,Current,0.191617933,0.00148483,Lake_Type_Sockeye314,SEL-19-59,52.71935107,-128.9784323,Talamoosa Creek,SEL,Current,0.212456121,0.001602571,Lake_Type_Sockeye315,SEL-19-60,52.30587326,-128.2577735,Tankeeah River,SEL,Current,0.366067926,0.003959058,Lake_Type_Sockeye316,SEL-19-62,53.38100392,-129.465929,Tsimtack/Lakes,SEL,Current,0.598641926,0.00914654,Lake_Type_Sockeye317,SEL-19-64,52.29723969,-128.3569893,Tuno Creek West,SEL,Current,0.199427813,0.000615843,Lake_Type_Sockeye318,SEL-19-66,52.83857448,-129.0019183,Wale Creek,SEL,Current,0.408004953,0.004632866,Lake_Type_Sockeye319,SEL-19-70,52.301115,-128.1188097,Yeo,SEL,Current,0.26479086,0.002698006,Lake_Type_Sockeye320,SEL-20-01,54.11763879,-129.1904131,Alastair,SEL,Current,1.22427708,0.022698085,Lake_Type_Sockeye321,SEL-20-04,54.16636059,-129.9584096,Ecstall/Lower,SEL,Current,0.545544707,0.007685313,Lake_Type_Sockeye322,SEL-20-05,53.8611371,-129.4856999,Johnston,SEL,Current,0.429828125,0.007408676,Lake_Type_Sockeye323,SEL-20-06,54.77920407,-128.7861933,Kitsumkalum,SEL,Current,3.715957916,0.15731091,Lake_Type_Sockeye324,SEL-20-07,54.38136394,-128.5534437,Lakelse,SEL,Current,1.766943313,0.06982542,Lake_Type_Sockeye325,SEL-20-08,54.47786812,-127.9335934,Mcdonell,SEL,Current,0.883822789,0.010592293,Lake_Type_Sockeye326,SEL-21-02,54.88474521,-126.0470499,Babine,SEL,Current,9.453420016,0.441596961,Lake_Type_Sockeye327,SEL-21-03,54.38155478,-126.1255913,Bulkley,SEL,Current,1.652200964,0.028171193,Lake_Type_Sockeye328,SEL-21-05,55.20413941,-128.0905758,Kitwancool,SEL,Current,2.18142407,0.067275343,Lake_Type_Sockeye329,SEL-21-07,54.15830699,-127.3513175,Morice,SEL,Current,3.209303537,0.213489627,Lake_Type_Sockeye330,SEL-21-09,55.79847493,-128.6301159,Stephens,SEL,Current,1.005622198,0.020660214,Lake_Type_Sockeye331,SEL-21-11,55.31434709,-126.4471387,Tahlo/Morrison,SEL,Current,1.38656318,0.02917041,Lake_Type_Sockeye332,SEL-21-12,55.73102419,-128.4700515,Footsore/Hodder,SEL,Current,0.3519918,0.00347335,Lake_Type_Sockeye333,SEL-22-01,56.39390601,-126.7896884,Asitika,SEL,Current,0.492434487,0.008255364,Lake_Type_Sockeye334,SEL-22-02,56.09783052,-126.7554938,Azuklotz,SEL,Current,0.45731776,0.006243431,Lake_Type_Sockeye335,SEL-22-03,56.19969373,-126.8887679,Bear,SEL,Current,1.355448804,0.050236282,Lake_Type_Sockeye336,SEL-22-04,56.39726515,-127.9224364,Damshilgwit,SEL,Current,0.712051913,0.01083752,Lake_Type_Sockeye337,SEL-22-05,56.6451417,-126.4961829,Johanson,SEL,Current,0.479643694,0.007929082,Lake_Type_Sockeye338,SEL-22-06,56.82963392,-128.1487915,Kluatantan,SEL,Current,0.768603616,0.014848334,Lake_Type_Sockeye339,SEL-22-07,57.01181544,-128.1962664,Kluayaz,SEL,Current,0.879053714,0.018412049,Lake_Type_Sockeye340,SEL-22-08,56.04743919,-127.0237837,Motase,SEL,Current,0.764724971,0.018962197,Lake_Type_Sockeye341,SEL-22-09,56.04196906,-127.9587637,Sicintine,SEL,Current,0.884602995,0.01056286,Lake_Type_Sockeye342,SEL-22-10,56.34421686,-127.8473098,Slamgeesh,SEL,Current,0.283598703,0.002257643,Lake_Type_Sockeye343,SEL-22-11,56.57940781,-126.2624969,Spawning,SEL,Current,0.357746672,0.004556584,Lake_Type_Sockeye344,SEL-22-12,56.31704254,-127.363762,Sustut,SEL,Current,0.588007948,0.010086097,Lake_Type_Sockeye345,SEL-24-01,56.35917746,-129.318774,Bowser,SEL,Current,2.654166044,0.031786879,Lake_Type_Sockeye346,SEL-24-02,56.53188728,-128.3167996,Damdochax/Winimasik,SEL,Current,1.49857931,0.015638673,Lake_Type_Sockeye347,SEL-24-03,56.19342506,-128.7949123,Fred Wright,SEL,Current,0.844990749,0.011110251,Lake_Type_Sockeye348,SEL-24-05,56.02365783,-129.1480702,Meziadin,SEL,Current,1.766458593,0.030894421,Lake_Type_Sockeye349,SEL-24-06,56.62797969,-129.7013315,Oweegee,SEL,Current,0.459502254,0.008199783,Lake_Type_Sockeye350,SEL-26-01,57.24130661,-131.8530702,Christina,SEL,Current,0.858154324,0.020975435,Lake_Type_Sockeye351,SEL-26-02,58.00994991,-130.9812919,Tahltan,SEL,Current,2.744874113,0.035181289,Lake_Type_Sockeye352,SEL-26-03,57.65300133,-131.6324045,Chutine,SEL,Current,3.963177172,0.067067619,Lake_Type_Sockeye353,SEL-28-01,59.23088759,-133.2336383,Kuthai,SEL,Current,0.435200074,0.007542529,Lake_Type_Sockeye354,SEL-28-02,58.49610145,-132.6049502,Little Trapper,SEL,Current,0.774626177,0.005784349,Lake_Type_Sockeye355,SEL-28-03,58.4400493,-132.3948794,Tatsamenie,SEL,Current,2.228621253,0.039890819,Lake_Type_Sockeye356,SEL-28-05,58.71621714,-132.9435494,King Salmon,SEL,Current,0.827869512,0.012465106,Lake_Type_Sockeye357,SEL-30-02,60.11586335,-137.0362158,Klukshu,SEL,Current,0.774808978,0.017294968,Lake_Type_Sockeye358,SEL-30-03,60.17402559,-137.0754633,Neskatahin,SEL,Current,0.243233999,0.001828891,Lake_Type_Sockeye359,SEL-12-09,NA,NA,Vernon,SEL,Current,0.517721358,0.007257964,Lake_Type_Sockeye360,SEL-16-01,NA,NA,South Atnarko Lakes,SEL,Current,2.286360471,0.041354616,Lake_Type_Sockeye361,SEL-20-02,NA,NA,Aldrich,SEL,Current,0.301448973,0.003194031,Lake_Type_Sockeye362,SEL-20-03,NA,NA,Dennis,SEL,Current,0.528657892,0.005878128,Lake_Type_Sockeye363,SEL-24-04,NA,NA,Kwinageese,SEL,Current,0.251061973,0.001979979,Lake_Type_Sockeye364,SEL-25-01,NA,NA,Border,SEL,Current,0.241084504,0.001963846,Lake_Type_Sockeye365,SEL-27-01,NA,NA,Whiting,SEL,Current,1.622452914,0.020712941,Lake_Type_Sockeye366,SEL-12-06,NA,NA,Schoen,SEL,Current,0.670758917,0.011404079,Lake_Type_Sockeye367,SEL-12-08,NA,NA,Woss,SEL,Current,0.979978045,0.021673254,Lake_Type_Sockeye368,SEL-13-08,NA,NA,Great Central,SEL,Current,2.59860912,0.051148459,Lake_Type_Sockeye369,SEL-17-10,NA,NA,Marie,SEL,Current,0.346890836,0.004351632,Lake_Type_Sockeye370,SEL-21-01,NA,NA,Atna,SEL,Current,1.291999843,0.038871524,Lake_Type_Sockeye371,SEL-21-06,NA,NA,Maxan,SEL,Current,1.471361479,0.037785076,Lake_Type_Sockeye372,SEL-30-01,NA,NA,Blanchard,SEL,Current,1.39571739,0.015972836,Lake_Type_Sockeye373,SER-02,49.34346292,-122.6468438,Widgeon,SER,Current,0.210803124,0.001561792,River_Type_Sockeye374,SER-03,49.22891514,-121.946601,Harrison River,SER,Current,0.685274412,0.009696065,River_Type_Sockeye375,SER-08,49.95754062,-124.9173935,East Vancouver Island & Georgia Strait,SER,Current,82.17377923,3.955603538,River_Type_Sockeye376,SER-09,50.71040692,-125.7978156,Southern Fjords,SER,Current,70.75218367,3.479474271,River_Type_Sockeye377,SER-10,49.48518476,-126.0759588,West Vancouver Island,SER,Current,56.89908889,1.838932238,River_Type_Sockeye378,SER-11,50.47931578,-127.7283104,NW Vancouver Island,SER,Current,15.00491613,0.364828804,River_Type_Sockeye379,SER-12,51.60034821,-127.2601082,Rivers-Smith Inlets,SER,Current,9.488533998,0.866331617,River_Type_Sockeye380,SER-13,52.92254384,-131.9754406,East Haida Gwaii,SER,Current,28.39977094,0.453065365,River_Type_Sockeye381,SER-14,53.09083556,-132.3133639,West Haida Gwaii,SER,Current,31.34043135,0.410879977,River_Type_Sockeye382,SER-15,53.59394051,-132.3980665,North Haida Gwaii,SER,Current,13.40837653,0.493284314,River_Type_Sockeye383,SER-16,53.16602553,-128.4621431,Northern Coastal Fjords,SER,Current,72.22379412,5.321064469,River_Type_Sockeye384,SER-17,52.64272083,-128.7122614,Northern Coastal Streams,SER,Current,142.0278183,1.398483415,River_Type_Sockeye385,SER-18,54.91219066,-128.1904839,Skeena River,SER,Current,28.66075505,5.836524116,River_Type_Sockeye386,SER-19,55.81481752,-128.6952903,Skeena River-High Interior,SER,Current,15.81301373,1.838213583,River_Type_Sockeye387,SER-20,55.02403178,-129.5979745,Lower Nass-Portland,SER,Current,23.42979852,1.418726841,River_Type_Sockeye388,SER-21,55.59777137,-128.8865293,Upper Nass River,SER,Current,16.26813074,2.585600177,River_Type_Sockeye389,SER-22,57.60581981,-131.8055843,Northern Transboundary Fjords,SER,Current,22.85443434,6.530839254,River_Type_Sockeye390,SER-24,59.68029743,-137.6033644,Alsek River,SER,Current,9.029804495,0.996866689,River_Type_Sockeye391,SER-23,NA,NA,Chilkat River,SER,Current,3.891652604,0.25066092,River_Type_Sockeye